{"stat.mineBlock.quark.roots_white_flower":2,"stat.pickup.minecraft.bone":1,"stat.useItem.minecraft.iron_axe":338,"stat.mineBlock.ebwizardry.crystal_flower":13,"stat.mineBlock.minecraft.pumpkin":1,"stat.mineBlock.thaumcraft.ore_quartz":2,"stat.useItem.bewitchment.wormwood_seeds":2,"stat.pickup.extrautils2.redorchid":1,"stat.mineBlock.minecraft.yellow_flower":7,"stat.drop.minecraft.mossy_cobblestone":1,"stat.craftItem.minecraft.iron_axe":4,"stat.craftItem.botania.petal":10,"stat.mineBlock.actuallyadditions.block_misc":9,"stat.mineBlock.minecraft.brown_mushroom":2,"stat.craftItem.botania.lexicon":1,"stat.pickup.forestry.resources":5,"stat.mineBlock.minecraft.sandstone":1,"stat.swimOneCm":2463,"stat.pickup.bewitchment.aconitum":1,"stat.climbOneCm":78895,"stat.useItem.minecraft.planks":32,"stat.mineBlock.thaumcraft.ore_amber":1,"stat.pickup.modularforcefieldsystem.monazit_ore":2,"stat.craftItem.botania.manasteelsword":1,"stat.pickup.xreliquary.mob_ingredient":2,"stat.mineBlock.quark.roots":4,"stat.mineBlock.bewitchment.silver_ore":7,"stat.mineBlock.gravestone.gravestone":1,"stat.useItem.minecraft.dirt":83,"stat.pickup.projectred-exploration.ore":4,"stat.pickup.inventorypets.nugget_lapis":6,"stat.mineBlock.minecraft.red_mushroom":3,"stat.mineBlock.embers.ore_lead":2,"stat.pickup.minecraft.rotten_flesh":4,"stat.craftItem.minecraft.furnace":3,"stat.pickup.thermalfoundation.ore":25,"stat.pickup.natura.materials":2,"stat.craftItem.minecraft.stone_axe":2,"stat.useItem.embers.pickaxe_lead":111,"stat.craftItem.minecraft.stone_pickaxe":7,"stat.pickup.minecraft.cobblestone":635,"stat.mineBlock.minecraft.clay":35,"stat.useItem.minecraft.stone_shovel":72,"stat.mineBlock.chisel.limestone2":5,"stat.pickup.enderio.item_broken_spawner":1,"stat.pickup.extratrees.hops":2,"stat.craftItem.minecraft.stone_sword":2,"stat.flyOneCm":350527,"stat.pickup.minecraft.sandstone":1,"stat.craftItem.minecraft.iron_shovel":2,"stat.pickup.minecraft.brown_mushroom":2,"stat.pickup.bewitchment.aconitum_seeds":5,"stat.drop.minecraft.wheat_seeds":1,"stat.pickup.bewitchment.mandrake_seeds":1,"stat.mineBlock.openblocks.grave":1,"stat.pickup.minecraft.redstone":26,"stat.mineBlock.minecraft.iron_ore":19,"stat.timeSinceDeath":3563,"stat.pickup.botania.manasteelsword":1,"stat.useItem.minecraft.iron_pickaxe":668,"stat.craftItem.minecraft.wooden_pickaxe":1,"stat.useItem.minecraft.iron_shovel":176,"stat.pickup.actuallyadditions.item_rice_seed":8,"stat.pickup.minecraft.mossy_cobblestone":11,"stat.mineBlock.ebwizardry.arcane_workbench":1,"stat.pickup.ebwizardry.arcane_workbench":1,"stat.mineBlock.botania.livingwood":9,"stat.pickup.minecraft.double_plant":1,"stat.craftItem.ebwizardry.magic_crystal":16,"stat.useItem.thaumicpotatoes.petrifiedpotato":3,"stat.pickup.projectred-core.resource_item":40,"stat.pickup.ebwizardry.wizard_robe_lightning":1,"stat.pickup.actuallyadditions.item_worm":10,"stat.mineBlock.chisel.marble2":13,"stat.mineBlock.minecraft.vine":40,"stat.mineBlock.thermalfoundation.ore":25,"stat.mineBlock.natura.overworld_logs":19,"stat.pickup.minecraft.stonebrick":10,"stat.furnaceInteraction":30,"stat.pickup.ebwizardry.magic_crystal":2,"stat.mineBlock.botania.flower":61,"stat.useItem.minecraft.pumpkin_seeds":3,"stat.pickup.minecraft.iron_shovel":1,"stat.craftItem.minecraft.pumpkin_seeds":4,"stat.mineBlock.minecraft.coal_ore":71,"stat.useItem.roots.terra_spores":3,"stat.pickup.actuallyadditions.item_solidified_experience":1,"stat.craftItem.thermalfoundation.material":6,"stat.pickup.minecraft.string":5,"stat.pickup.ebwizardry.wizard_boots_lightning":1,"stat.mineBlock.minecraft.grass":180,"stat.mineBlock.minecraft.ladder":2,"stat.pickup.botania.livingwood":9,"stat.craftItem.botania.manaresource":4,"stat.craftItem.tconstruct.tooltables":2,"stat.mineBlock.natura.overworld_leaves":3,"stat.craftItem.mysticalworld.amethyst_knife":1,"stat.sprintOneCm":204966,"stat.pickup.actuallyadditions.item_misc":4,"stat.mineBlock.minecraft.stone_slab":1,"stat.useItem.minecraft.stone_stairs":88,"stat.pickup.minecraft.skull":1,"stat.craftItem.minecraft.stick":372,"stat.mineBlock.mekanism.oreblock":21,"stat.killEntity.ebwizardry:evil_wizard":1,"stat.pickup.ic2.resource":15,"stat.useItem.minecraft.stone_slab":3,"stat.craftItem.botania.pool":2,"stat.pickup.inventorypets.nether_portal_pet":1,"stat.pickup.minecraft.stone_stairs":3,"stat.craftItem.minecraft.gold_nugget":9,"stat.craftItem.minecraft.stone":42,"stat.mineBlock.minecraft.diamond_ore":8,"stat.craftItem.ebwizardry.magic_wand":2,"stat.pickup.thaumcraft.crystal_essence":12,"stat.useItem.minecraft.wheat_seeds":4,"stat.mineBlock.astralsorcery.blockmarble":6,"stat.pickup.thaumcraft.nugget":1,"stat.pickup.natura.overworld_sapling":2,"stat.mineBlock.embers.ore_copper":7,"stat.pickup.natura.overworld_logs":19,"stat.mineBlock.thaumicpotatoes.potatoore":3,"stat.pickup.minecraft.emerald":6,"stat.pickup.botania.flower":58,"stat.deaths":1,"stat.drop":7,"stat.craftItem.minecraft.melon_seeds":14,"stat.playOneMinute":123241,"stat.pickup.inventorypets.nugget_obsidian":10,"stat.pickup.mysticalworld.aubergine_seed":2,"stat.mineBlock.mysticalagriculture.prosperity_ore":6,"stat.useItem.minecraft.ladder":78,"stat.craftItem.minecraft.iron_pickaxe":9,"stat.pickup.inventorypets.ocelot_pet":1,"stat.mineBlock.actuallyadditions.block_wild":6,"stat.pickup.natura.overworld_seeds":1,"stat.useItem.minecraft.melon_seeds":9,"stat.killEntity.Zombie":4,"stat.useItem.randomthings.summoningpendulum":2,"stat.pickup.roots.terra_spores":2,"stat.pickup.chisel.marble2":13,"stat.mineBlock.minecraft.gold_ore":8,"stat.mineBlock.minecraft.tallgrass":300,"stat.diveOneCm":2516,"stat.pickup.minecraft.wheat":7,"stat.chestOpened":120,"stat.pickup.tconstruct.tooltables":2,"stat.mineBlock.minecraft.mossy_cobblestone":11,"stat.pickup.minecraft.pumpkin":1,"stat.craftItem.minecraft.ladder":114,"stat.pickup.botania.mushroom":1,"stat.useItem.minecraft.stone":16,"stat.mineBlock.projectred-exploration.ore":16,"stat.pickup.minecraft.gravel":2,"stat.craftItem.botania.altar":2,"stat.useItem.minecraft.apple":5,"stat.pickup.bewitchment.wormwood":4,"stat.mineBlock.mysticalagriculture.inferium_ore":16,"stat.pickup.inventorypets.nugget_ender":1,"stat.mineBlock.quark.roots_black_flower":1,"stat.pickup.embers.ore_lead":2,"stat.mineBlock.botania.mushroom":1,"stat.pickup.everlastingabilities.ability_bottle":1,"stat.craftItem.minecraft.iron_hoe":1,"stat.jump":983,"stat.pickup.minecraft.coal":72,"stat.fallOneCm":12218,"stat.pickup.randomthings.beans":8,"stat.pickup.botania.lexicon":1,"stat.pickup.inventorypets.jukebox_pet":1,"stat.pickup.actuallyadditions.block_black_lotus":3,"stat.pickup.bewitchment.silver_ore":7,"stat.craftItem.embers.pickaxe_lead":1,"stat.useItem.minecraft.stone_axe":71,"stat.useItem.botania.manasteelsword":26,"stat.crouchOneCm":2057,"stat.mineBlock.minecraft.chest":3,"stat.pickup.actuallyadditions.item_food":8,"stat.craftItem.minecraft.torch":132,"stat.craftItem.minecraft.iron_ingot":18,"stat.craftItem.minecraft.chest":8,"stat.pickup.minecraft.dirt":213,"stat.pickup.minecraft.red_mushroom":4,"stat.pickup.actuallyadditions.block_misc":9,"stat.pickup.minecraft.melon":125,"stat.mineBlock.botania.livingrock":16,"stat.useItem.minecraft.iron_hoe":102,"stat.mineBlock.embers.ore_aluminum":2,"stat.pickup.minecraft.iron_ore":18,"stat.pickup.minecraft.gold_ore":8,"stat.mineBlock.ic2.resource":14,"stat.mineBlock.tconstruct.tooltables":2,"stat.pickup.minecraft.leaves":31,"stat.mineBlock.minecraft.stone_stairs":3,"stat.damageTaken":777,"stat.pickup.minecraft.feather":1,"stat.mineBlock.minecraft.torch":7,"stat.mineBlock.minecraft.melon_block":13,"stat.mineBlock.minecraft.red_flower":16,"stat.useItem.minecraft.furnace":2,"stat.useItem.minecraft.wooden_pickaxe":3,"stat.pickup.ebwizardry.crystal_flower":11,"stat.pickup.mysticalagriculture.crafting":55,"stat.pickup.chisel.limestone2":5,"stat.pickup.minecraft.wheat_seeds":9,"stat.pickup.bewitchment.wormwood_seeds":6,"stat.pickup.botania.twigwand":1,"stat.entityKilledBy.Zombie":1,"stat.pickup.bewitchment.belladonna_seeds":2,"stat.mineBlock.minecraft.gravel":2,"stat.useItem.minecraft.stone_pickaxe":229,"stat.useItem.minecraft.stone_sword":5,"stat.pickup.embers.ore_aluminum":2,"stat.damageDealt":1588,"stat.pickup.bewitchment.amethyst":2,"stat.pickup.actuallyadditions.item_canola_seed":1,"stat.mineBlock.quark.roots_blue_flower":1,"stat.mineBlock.minecraft.dirt":35,"stat.pickup.mysticalworld.amethyst_gem":2,"stat.drop.botania.petal":4,"stat.pickup.botania.specialflower":1,"stat.pickup.bewitchment.oak_apple_gall":33,"stat.craftItem.minecraft.stone_slab":6,"stat.craftItem.minecraft.stone_shovel":2,"stat.useItem.minecraft.air":47,"stat.craftItem.patchouli.guide_book":1,"stat.walkOneCm":444931,"stat.useItem.minecraft.torch":95,"stat.useItem.quark.custom_chest":1,"stat.useItem.minecraft.chest":5,"stat.pickup.roots.wildroot":2,"stat.pickup.minecraft.iron_nugget":15,"stat.craftItem.quark.custom_chest":2,"stat.mineBlock.actuallyadditions.block_black_lotus":3,"stat.craftItem.minecraft.stone_stairs":160,"stat.mineBlock.modularforcefieldsystem.monazit_ore":2,"stat.useItem.minecraft.log":10,"stat.pickup.mekanism.oreblock":21,"stat.pickup.minecraft.clay_ball":137,"stat.useItem.minecraft.cobblestone":27,"stat.craftItem.minecraft.crafting_table":2,"stat.mineBlock.minecraft.double_plant":3,"stat.craftItem.natura.overworld_planks":40,"stat.craftItem.mekanism.ingot":5,"stat.useItem.actuallyadditions.item_worm":8,"stat.mineBlock.ebwizardry.crystal_ore":1,"stat.mineBlock.minecraft.emerald_ore":5,"stat.pickup.mysticalworld.aubergine":1,"stat.pickup.minecraft.log":120,"stat.useItem.minecraft.melon":38,"stat.drop.minecraft.chicken":1,"stat.pickup.quark.root_flower":4,"stat.pickup.minecraft.chicken":1,"stat.pickup.embers.pickaxe_lead":1,"stat.pickup.minecraft.sapling":62,"stat.useItem.bewitchment.aconitum_seeds":1,"stat.pickup.minecraft.apple":5,"stat.pickup.minecraft.ladder":2,"stat.mineBlock.mysticalworld.amethyst_ore":2,"stat.killEntity.Skeleton":1,"stat.mineBlock.minecraft.farmland":1,"stat.pickup.thaumcraft.ore_cinnabar":2,"stat.craftItem.minecraft.bucket":1,"stat.mineBlock.minecraft.stonebrick":8,"stat.pickup.bewitchment.salt":8,"stat.craftItem.minecraft.planks":324,"stat.killEntity.Chicken":1,"stat.mineBlock.thaumcraft.crystal_ordo":3,"stat.craftItem.minecraft.fishing_rod":1,"stat.pickup.embers.ore_copper":7,"stat.mineBlock.forestry.resources":5,"stat.mobKills":8,"stat.pickup.minecraft.book":33,"stat.mineBlock.minecraft.log":120,"stat.craftItem.minecraft.wooden_door":3,"stat.mineBlock.minecraft.bookshelf":11,"stat.pickup.minecraft.quartz":1,"stat.useItem.minecraft.wooden_door":2,"stat.pickup.minecraft.diamond":9,"stat.mineBlock.minecraft.leaves":257,"stat.pickup.minecraft.torch":45,"stat.mineBlock.bewitchment.salt_ore":2,"stat.pickup.minecraft.red_flower":16,"stat.sneakTime":2399,"stat.pickup.thaumcraft.amber":1,"stat.pickup.thaumicpotatoes.petrifiedpotato":3,"stat.pickup.astralsorcery.blockmarble":6,"stat.craftItem.botania.twigwand":2,"stat.pickup.evilcraft.werewolf_flesh":1,"stat.mineBlock.bewitchment.amethyst_ore":2,"stat.pickup.minecraft.stone_slab":1,"stat.pickup.minecraft.yellow_flower":8,"stat.mineBlock.minecraft.stone":633,"stat.pickup.minecraft.chest":3,"stat.mineBlock.thaumcraft.ore_cinnabar":2,"stat.craftItem.minecraft.enchanting_table":2,"stat.pickup.botania.livingrock":16}