[
  {
    "signatures": [
      {
        "signature": "sha256:39bada7c999c733093cacdca61ed010f72a3598b541346e2b26c656fff48e59c",
        "filename": "ExpandedEquivalence-1.12.2-12r.jar"
      },
      {
        "signature": "sha256:f3ce670e0087f4c6b770fd05ae5c3dfd8462f74c62397932ea72954d1c6c8df4",
        "filename": "Clumps-3.1.2.jar"
      },
      {
        "signature": "sha256:24ec49a485028b13e1d98a0237c1eedd8b72f0eab961a834dea559d7e8634c5a",
        "filename": "portality-1.12.2-1.2.3-15.jar"
      },
      {
        "signature": "sha256:1473c5cb4e0a359873783f2e93e2be5b2d73f17ebdfba4611df3a21367486390",
        "filename": "Potion Icon Remover-1.12-4.0.0.jar"
      },
      {
        "signature": "sha256:533b8ac850ab6ad9da4e9fff550f3377eaef84667365af91aef87b150cf81841",
        "filename": "moartinkers-0.6.0.jar"
      },
      {
        "signature": "sha256:29d3a4115d67b83eb542b618eb64db40db23a7f009a0f4dc9a396101d6f8491f",
        "filename": "ironchest-1.12.2-7.0.72.847.jar"
      },
      {
        "signature": "sha256:582e906349f4084bf5931c9646406f92212f1900e2ca307cd3ed2a26568bb186",
        "filename": "Forgelin-1.8.3.jar"
      },
      {
        "signature": "sha256:5082fea40612b554515ae34d8ab19076f60150f7bc60c317e167e139d9d3cf1d",
        "filename": "BrandonsCore-1.12.2-2.4.17.208-universal.jar"
      },
      {
        "signature": "sha256:f2c8045b82b15019daf970bde833d555e35de990964e22e0b84001188ab2ff5d",
        "filename": "OpenGlider-1.12.1-1.1.0.jar"
      },
      {
        "signature": "sha256:7e0dc8289acdf4451b2fa783bf33f52fb79495aded15fbad67c0b693087bae3a",
        "filename": "tesla-core-lib-1.12.2-1.0.15.jar"
      },
      {
        "signature": "sha256:f9005b1fbe4bcaef141cc72c8d43821437b57fd810b3471bacda3bd2bd49dea0",
        "filename": "GiacomosFishingNet-1.12.2-1.6.1.jar"
      },
      {
        "signature": "sha256:be1ad508d50472ea27e0f9412fdce18ab7fc25354f525fff919048f8e39947de",
        "filename": "tinker_io-1.12.2-rw2.7.1.jar"
      },
      {
        "signature": "sha256:a09c4e31249c60c324a58e5e1e6b929a465c18a3c5414c2f94f2b05fb6225235",
        "filename": "malisisswitches-1.12.2-5.1.0.jar"
      },
      {
        "signature": "sha256:3c3b596f202c63b3a9ac7bd2d40b6bd90a9e91ca76e39dcd7073995fe4acec02",
        "filename": "bonsaitrees-1.1.3-b156.jar"
      },
      {
        "signature": "sha256:8b40573a923098b7505dc3a7333ea7994f99fdca5d1507f200959779f768e14b",
        "filename": "AutoSave-1.12.2-1.0.11.jar"
      },
      {
        "signature": "sha256:238416f801acda67b90fba9e0e572dbd6e7631b7e64c3eb3d6226f45ae536c87",
        "filename": "Chameleon-1.12-4.1.3.jar"
      },
      {
        "signature": "sha256:b491ba8319da27844dbd957d68a9ac2f341e4d65790d7a5015a5a4086c9e2b65",
        "filename": "ThermalCultivation-1.12.2-0.3.3.12-universal.jar"
      },
      {
        "signature": "sha256:87e2702152d795efd8548b3a1ec9471469d7c705db1ec199a465807720ddcdcd",
        "filename": "TinkerToolLeveling-1.12.2-1.1.0.jar"
      },
      {
        "signature": "sha256:e542d258ad7d59f8b9d372057f654467802dc904e6805b81ebf495bf3ecde8f6",
        "filename": "JustEnoughEnergistics-1.12.2-1.0.7.jar"
      },
      {
        "signature": "sha256:4edda1cb9a1eb9240b7c9087dfc0347b0f75c29f7239299991b27324524b167f",
        "filename": "AkashicTome-1.2-12.jar"
      },
      {
        "signature": "sha256:e9bf4b975af094fd54551883919ceb25f688b1cb6084da18a0c903b5c31af231",
        "filename": "WR-CBE-1.12.2-2.3.1.30-universal.jar"
      },
      {
        "signature": "sha256:778470a3bec05a023b2bc2ceed6631f153855f0e2ed790e7c68e4eaa01baa3fd",
        "filename": "pneumaticcraft-repressurized-1.12.2-0.11.4-368.jar"
      },
      {
        "signature": "sha256:597c21ab6f0d701ec2d7d9e6abdd9e4e3d949af1a9635ef018cef7df4c126e57",
        "filename": "KleeSlabs_1.12.2-5.4.12.jar"
      },
      {
        "signature": "sha256:c779c2b7f6105ded36163801c7458baf677075f862bcabe7b1b29121799a31f6",
        "filename": "modnametooltip_1.12.2-1.10.1.jar"
      },
      {
        "signature": "sha256:8505982eb3204997dc965d1a6e22a6d0bc5df04de45d8ea6eb2b154426a9f591",
        "filename": "base-1.12.2-3.13.0.jar"
      },
      {
        "signature": "sha256:e7f7fbf6caaf6206dbd958fb8f9185f874a405289e62ae3e97209b455a89fb1a",
        "filename": "appliedenergistics2-rv6-stable-7.jar"
      },
      {
        "signature": "sha256:b7d785c14545194f0d7e7405bd7e92e3c81f03bb3e84d856a795a273667cc1aa",
        "filename": "Apotheosis-1.12.2-1.10.3.jar"
      },
      {
        "signature": "sha256:4710cdb692cf5d98f11aea541cece88b179d479ea4892bcd59e59a6c3c4aef58",
        "filename": "BotanicAdditions-1.12.2-3r.jar"
      },
      {
        "signature": "sha256:6c1809eb2222604ebf3c051e1c7834b84049013b537633c2e5a1b0077ef9a940",
        "filename": "extrautils2-1.12-1.9.9.jar"
      },
      {
        "signature": "sha256:044b3fddd3d98cac81d9a7785d134ec7269326eab1409d96da95e6d84776e537",
        "filename": "JustEnoughIDs-1.0.2-26.jar"
      },
      {
        "signature": "sha256:817041c64c6d79705db5292f071ae7eed1b0f68807bc824a76b6ac4c8bf8150a",
        "filename": "Psi-r1.1-77.jar"
      },
      {
        "signature": "sha256:8732782dda350024b6694fe7884aa087a9f42491b0a257ea7411d0fb81e51a72",
        "filename": "astralsorcery-1.12.2-1.10.19.jar"
      },
      {
        "signature": "sha256:5acc3d088317e0db9a50a7ee3f8a0018dd83ef398c5a8682121497b0a9cb177a",
        "filename": "CoFHWorld-1.12.2-1.3.1.7-universal.jar"
      },
      {
        "signature": "sha256:02c2f75cc0c6630195072bd2cd5878fb60cc0b6780d4fd6a3b0f7b1f3f8ea394",
        "filename": "ProjectRed-1.12.2-4.9.4.120-compat.jar"
      },
      {
        "signature": "sha256:b03da175e2c06c8ef61eca8357eaafa546720bd53df9eb2f5876ade82d8e05dd",
        "filename": "librarianlib-1.12.2-4.19.2-release.jar"
      },
      {
        "signature": "sha256:0eeddd3d24738ac2a70b5f309571e246fde4ee18cb38354341b83dcff0feb500",
        "filename": "foamfix-0.10.5-1.12.2.jar"
      },
      {
        "signature": "sha256:8fe695b4d0594ffb3698051311718642c0a11cb91b2d9bcad8da8f8e7d3291df",
        "filename": "ProjectEX-1.2.0.39.jar"
      },
      {
        "signature": "sha256:b4be289ed0703ed394911059bcc8f59faa5e36a5f08d2eeb25a316bd336478d8",
        "filename": "tweakersconstruct-1.12.2-1.5.1.jar"
      },
      {
        "signature": "sha256:6caa21b7059d0b96ec8bdc037a3292ba1fd71803cd8eb061db08d07a02e9e6f1",
        "filename": "moreavaritia-mc1.12.2-v3.2.jar"
      },
      {
        "signature": "sha256:637c987d0b7bd7d06a6e60562a219be783022fe7e08bb614714252d63a075b94",
        "filename": "Clipboard-1.12-1.3.0.jar"
      },
      {
        "signature": "sha256:5c9e680279ca009ab3ea114c22cd869cadb41cc0bae834b7857fee709c79075e",
        "filename": "IronBackpacks-1.12.2-3.0.8-12.jar"
      },
      {
        "signature": "sha256:ac75e2d505bda70dc3c4f0778d66a79213870ee43b74744e31e37f9c3aaf7654",
        "filename": "ClientTweaks_1.12.2-3.1.11.jar"
      },
      {
        "signature": "sha256:f4f0b7a1861a4b2f11c6dc5f315090ec411dce8a62df3347fd00a96f191fb2e9",
        "filename": "woot-1.12.2-1.4.11.jar"
      },
      {
        "signature": "sha256:1d3b2b181024fb139a6a115d72e5743633e50808bd3699766069d4edb64ec856",
        "filename": "wizardry-0.10.8.jar"
      },
      {
        "signature": "sha256:5bb6686f41c918d30ebb4391dbb8830c48746cb69de94094b9ec6704d80bc590",
        "filename": "OpenComputers-MC1.12.2-1.7.4.153.jar"
      },
      {
        "signature": "sha256:cf2003c67b75b9f2384089de55331829d9711e0352a3616812739dffce292076",
        "filename": "antiqueatlas-1.12.2-4.5.1.jar"
      },
      {
        "signature": "sha256:b404308ac9518fb7ce762278ea2c3ae81ea42c7220e8c2373317da6c31dbb0e0",
        "filename": "OpenEye-1.12.2-0.8.jar"
      },
      {
        "signature": "sha256:9a46c66e95487bcfb7d715650817a9c30df5c759013bb6cb0d3290b261212595",
        "filename": "ProjectE-1.12.2-PE1.4.1.jar"
      },
      {
        "signature": "sha256:433ac4a35772f80cb5d63f0a0142c795895e85c882424e9353c0cdb68f456b7b",
        "filename": "cyberware-1.12.2-0.2.10.19.jar"
      },
      {
        "signature": "sha256:dc033f623cfc6d7afdaaecf5ef31dda865744f7da2fe85443ae69f204bf50d74",
        "filename": "shetiphiancore-1.12.0-3.5.9.jar"
      },
      {
        "signature": "sha256:d2f453fde73d40cfcde685f5c87c0d11dcc8e8ef31f38439e76a3e7c53809e99",
        "filename": "malisisdoors-1.12.2-7.3.0.jar"
      },
      {
        "signature": "sha256:428542f8e4e9a683826058fd113d6e74121a3d47c7e796d7cb96ceed801102ad",
        "filename": "moreoverlays-1.15.1-mc1.12.2.jar"
      },
      {
        "signature": "sha256:a6f5f0114ed8fedae576e4c2be047a3b76ce61aa2f0fccd398add3acffd38980",
        "filename": "MineTweakerRecipeMaker-1.12.2-1.2.2.30.jar"
      },
      {
        "signature": "sha256:02ad89fa63beb54b491cd7e3c9c34e257961dd8c2d85e20e3964a53331e1402f",
        "filename": "Aroma1997Core-1.12.2-2.0.0.2.b165.jar"
      },
      {
        "signature": "sha256:4a36a54df3caffc907ba05e45260e0ed768e7a56c6a132c3f54cdbf83c687c34",
        "filename": "deepmoblearning-1.12.2-2.5.2-universal.jar"
      },
      {
        "signature": "sha256:a3da061b3b324c9a0560dba68c68400eee49eb8806c624390da5823ad856d946",
        "filename": "ArcaneArteries-1.12.2-1.0.0.jar"
      },
      {
        "signature": "sha256:aac69179428a4efd0f4a28668a5467c4807c256ae85d6cbba51c1245f77b68c7",
        "filename": "FasterLadderClimbing-1.12-0.1-146.jar"
      },
      {
        "signature": "special:minecraft",
        "filename": "1.12.2.jar"
      },
      {
        "signature": "sha256:24a72428d22c04040e8a60899a395283ca8512f39bfb0cec62ecf9109bf891e0",
        "filename": "valkyrielib-1.12.2-2.0.20.1.jar"
      },
      {
        "signature": "sha256:5ef5b930c36f965a663077d41188510ce7e93c3c5469b5d9711624ba1e5396b5",
        "filename": "TinkersComplement-1.12.2-0.4.2.jar"
      },
      {
        "signature": "sha256:d3c5c5c1e3e09c6c7b49fc6505aad57c1ca0e76a8e5396acabf6123e8c96fa58",
        "filename": "sonarcore-1.12.2-5.0.19-20.jar"
      },
      {
        "signature": "sha256:281f3ae80144a892ae307a00998c5f6d8320a2fc6aa263c82e03459ca24efd1d",
        "filename": "buildcraft-all-7.99.24.1.jar"
      },
      {
        "signature": "sha256:55708c8136085b7f2920b9d86613a3769b67f20d963600aeaab8e6ef6aa4068c",
        "filename": "secretroomsmod-1.12.2-5.6.4.jar"
      },
      {
        "signature": "sha256:f45e2a446e1a66032854290311350c30f7dc112af43870e18fc5122689d2aec3",
        "filename": "netherchest-1.1.1.jar"
      },
      {
        "signature": "sha256:f7c424aa09860dbb151252dfe58920d8df62c0e9193d6b733ceb26fc7c4a0357",
        "filename": "ThermalFoundation-1.12.2-2.6.3.27-universal.jar"
      },
      {
        "signature": "sha256:def0569f7098beeda519118ab1c3c53d8d5e411330ea6f669758681e2a7b23b6",
        "filename": "Toast Control-1.12.2-1.8.1.jar"
      },
      {
        "signature": "sha256:59c888d41d5c66310eb60110d6fe900268f8e3b3cdafa5e850b10c5f9a17c506",
        "filename": "Animus-1.12-2.1.4.jar"
      },
      {
        "signature": "sha256:d21427d004002a68837137b609fea8cdc3f69b01ff56fd0b395cf61526705e4d",
        "filename": "minetogether-1.10.2-2.2.0-RC4.jar"
      },
      {
        "signature": "sha256:42725a364da12a72f7f3139ec0fb758dcd8f43026397ca03fb6dd81f52bd9b63",
        "filename": "Botania r1.10-361.jar"
      },
      {
        "signature": "sha256:30d066e27379a51c8d9c67b1ab0b7e55d930c9721161b07ef1666ab9fc24c629",
        "filename": "maven-artifact-3.5.3.jar"
      },
      {
        "signature": "sha256:b2726a32550776d39bb4419bf2864dad55dcda1f452d4f567cae778a117db84e",
        "filename": "ArtemisLib-1.12.2-v1.0.6.jar"
      },
      {
        "signature": "sha256:e4f6d6d26ddf794c4344aab0e95c8d3406e8b087699c79e330456a9aa4f897e5",
        "filename": "torcherino-7.6.jar"
      },
      {
        "signature": "sha256:55375da764256f380c0dc95d2827b741de42ea5007cbe0d521ce079e66f5d88f",
        "filename": "Sync-1.12.2-7.1.0.jar"
      },
      {
        "signature": "sha256:4ded9b7bcff8e88a381305893bf1fc4410e3e945beea4a49f7f9f29a9166f2bf",
        "filename": "ThermalInnovation-1.12.2-0.3.3.12-universal.jar"
      },
      {
        "signature": "sha256:d9868856e912d90401bfb0a45ba10b55ced8d99880bb4999daa7ab7c66bc2d7b",
        "filename": "EnchantingTable-1.12-1.1.3.jar"
      },
      {
        "signature": "sha256:0f79bb771194272c329fdec9db2fca28256ee5eb3206831750a4cdce05fb2509",
        "filename": "usefulnullifiers-1.5.0.jar"
      },
      {
        "signature": "sha256:cdd5dc1b5e93ac44866696d9929249faf1ad70b47b9dd91c6c663cdd0b2fa121",
        "filename": "AdLods-1.12.2-1.0.6.0-build.0395.jar"
      },
      {
        "signature": "sha256:f8c46dfa9f1c11641d2f7400efa52c97be954e8e178d0ef346cc601c320b414f",
        "filename": "NetherPortalFix_1.12.1-5.3.17.jar"
      },
      {
        "signature": "sha256:f5dd64632f2aba020cee9d7f45333698884c0f16a8a3946e5b14a113b9b56d5c",
        "filename": "Reliquary-1.12.2-1.3.4.786.jar"
      },
      {
        "signature": "sha256:2b64a900a30d12c55c48f295097327eab5547fa3e7dccdce0f929ecdee25d038",
        "filename": "blockcraftery-1.12.2-1.3.1.jar"
      },
      {
        "signature": "sha256:0975ad3ef3b8b35fe43461feabe44d406b5521b0a2f3d1965c8d2f6a59ad2e65",
        "filename": "Mantle-1.12-1.3.3.55.jar"
      },
      {
        "signature": "sha256:172dab78e910a2ad317a377aff5c9659ff43435a22ecfa5a669a3620b8ae4f8a",
        "filename": "Totemic-1.12.2-0.11.6.jar"
      },
      {
        "signature": "sha256:2a540652fb3e65089127d70c7993d18b0da67d91165bbc4f4d51518720ec71aa",
        "filename": "omlib-1.12.2-3.1.3-246.jar"
      },
      {
        "signature": "sha256:9fb1e3240e449e0e82db115b27e3276443272fb2baa1db5b5faf1149d4081552",
        "filename": "EnderCore-1.12.2-0.5.65.jar"
      },
      {
        "signature": "sha256:bcfec8f948f9995c9082cdd3554858476bd9cf93de61a92dfe514e0e7e1bd9d7",
        "filename": "MysticWorld-1.12.2-1.3.2.jar"
      },
      {
        "signature": "sha256:cb191abc798fcd7918d79728034d250589fe76c09a8637e58843e94dfbf89d7c",
        "filename": "CraftTweaker2-1.12-4.1.19.jar"
      },
      {
        "signature": "sha256:d97630ab50574d46f0e917d3bc306031820c1d8bc6b61f61b307763327ee1d8f",
        "filename": "EvilCraft-1.12.2-0.10.77.jar"
      },
      {
        "signature": "sha256:8bdc998afbb47ee402598e3658baede15c4aabeb854e526e84d3dffc6697e806",
        "filename": "ThaumicRestoration-1.3.1a.jar"
      },
      {
        "signature": "sha256:f214af0ce75145279e7d935d294cff7bc61b265b17cddeb4ceae38d043690a2c",
        "filename": "letsencryptcraft-1.10.2-1.2.0.jar"
      },
      {
        "signature": "sha256:787fdcd860c226e7017a806fb9a48ee10ed9bbffb275e91207635d421d7e26da",
        "filename": "AIImprovements-1.12-0.0.1b3.jar"
      },
      {
        "signature": "sha256:def6e04f8ecb9b506447dc52ec0aa8e310c02463caaeb7f73955b612af59c252",
        "filename": "MmmMmmMmmMmm-1.12-1.14.jar"
      },
      {
        "signature": "sha256:1996111bb4ddba75bd6159bfc6e71232da907003a5d6594f1bb44a1861f342fe",
        "filename": "Cyclic-1.12.2-1.19.13.jar"
      },
      {
        "signature": "sha256:829aba78c81df71a762378c7ceabad20262d20914a51301040ffa2298ccf4906",
        "filename": "AetherWorks-1.12.2-1.0.0.3.jar"
      },
      {
        "signature": "sha256:ea62e5e0d117353b2df78d21486b48cca94979fa2fd34ca2a60da8f688173661",
        "filename": "ExtraCells-1.12.2-2.6.2a.jar"
      },
      {
        "signature": "sha256:7bd5920c9bd6846de468ea10693a83a436813f83b2ab340f665c21904840cc93",
        "filename": "ShadowMC-1.12-3.8.0.jar"
      },
      {
        "signature": "sha256:df2fd241cc4bab9bbe349ed3559dc5849cc73c2695813aef1b17a58c4fd4a00b",
        "filename": "AE2WTLib-1.12.2-1.0.30.jar"
      },
      {
        "signature": "sha256:ffd53989e9953d6b90ae075d2e5f0f99ffbdf54d067ebaca8207af8a908fd46c",
        "filename": "taiga-1.12.2-1.3.4.jar"
      },
      {
        "signature": "sha256:f2aa94395617f544e03d0685e596d4da955be3e0936ad59b1ed7b58a6da50ff7",
        "filename": "ProjectIntelligence-1.12.2-1.0.7.24-universal.jar"
      },
      {
        "signature": "sha256:3e797717ce27d7e4254b2ef45d89e27ff290d150fe9a3fbf9adef539171bff7f",
        "filename": "UniDict-1.12.2-2.9.2.jar"
      },
      {
        "signature": "sha256:ea2a6f3dbbe2ab09c2d3fdf3332a9dd27106d379c3d40a9f456b67559e018889",
        "filename": "supersoundmuffler-1.12.2-1.0.2.10.jar"
      },
      {
        "signature": "sha256:a26a0ef8c48cff3e31c516650fddb6a68350470b75ced90dbb185e8daf4a436a",
        "filename": "botaunomy-1.12.2-0.2.1.jar"
      },
      {
        "signature": "sha256:9adb0a93b17be7fbea2bf255bd7d578f9372460eee1ed86d71b3b4e4b592d7f5",
        "filename": "Arcane Essentials-0.9.jar"
      },
      {
        "signature": "sha256:555b27fdda1d30d604e6ca9d5b446a2e961e338549e608df970308decee9629e",
        "filename": "randompatches-1.12.2-1.17.2.1.jar"
      },
      {
        "signature": "sha256:4df85922e481622c074f9e09cbb6ecb8e5d1bced3920597e1a22c5819a22913e",
        "filename": "Tinkers\u0027 Addons-1.12.1-1.0.7.jar"
      },
      {
        "signature": "sha256:4421b074ca282ac3ea22a41b4ad9dabd7fc9edd5f5e5e01ba4e3a01e98ebae14",
        "filename": "justenoughdimensions-1.12.2-1.6.0-dev.20190711.220109.jar"
      },
      {
        "signature": "sha256:12279f1197562b941976b2d85ffbb819b7a53eff73a3222b9f46d8d9499ca32c",
        "filename": "mysticallib-1.12.2-1.3.1.jar"
      },
      {
        "signature": "sha256:1f2664d0e81444e88398f24eafa54c07d64ee491a24c04f89752cb069cd234ae",
        "filename": "Patchouli-1.0-20.jar"
      },
      {
        "signature": "sha256:2b3654b94c955aa2cfeb6aebe5c8666a7198c1838afb415a3c2cbcc045f5e87e",
        "filename": "CommonCapabilities-1.12.2-2.4.4.jar"
      },
      {
        "signature": "sha256:351e9d8a6742055d1260636da47a1e93d2c29837ea65869ede891988aba47ff5",
        "filename": "Wawla-1.12.2-2.5.273.jar"
      },
      {
        "signature": "sha256:07e017e50b918f9a1ddbc01777b24e74204155730e75628c68e923c4b2e559df",
        "filename": "AutoConfig-1.12.2-1.0.2.jar"
      },
      {
        "signature": "sha256:ca13a15974ff71b6acd8fb7cd17f86a74430ff51f7a620a1c7c20db2ce77b19b",
        "filename": "EquivalentIntegrations-0.4.6.jar"
      },
      {
        "signature": "sha256:99ca0107097641349055713e3505b434c4115e55a82d427975d6b2528500310b",
        "filename": "zerocore-1.12.2-0.1.2.8.jar"
      },
      {
        "signature": "sha256:f51fe865c75ef5ee99380a964cc08fb66f0137e08eda497486d71db3186b73c9",
        "filename": "torchmaster_1.12.2-1.7.1.74.jar"
      },
      {
        "signature": "sha256:4d1dfce0746a2ba9e8178785ad70c4cb0cd8e69da3f5d79e00c7a11f4f780a22",
        "filename": "NetherEx-1.12.2-2.0.8.jar"
      },
      {
        "signature": "sha256:855a7e23704c923a7db021c1ade32c989925ae66cd9bee7e1a69a35112859452",
        "filename": "StorageDrawers-1.12.2-5.3.8.jar"
      },
      {
        "signature": "sha256:5c5ee114dccab5caca1772e3487eca04e161c494baca4d53c8fddf5cf8722e56",
        "filename": "ResourceLoader-MC1.12.1-1.5.3.jar"
      },
      {
        "signature": "sha256:d8610a94da8f30815db4612b3291ecdcfd8204eaf1a4db8c5d0663c7b1191d91",
        "filename": "AutoRegLib-1.3-32.jar"
      },
      {
        "signature": "sha256:ca89ee327a18cec9b392cec597b6053334d7e23d094faaeaa8589afba53900ae",
        "filename": "PickleTweaks-1.12.2-2.1.3.jar"
      },
      {
        "signature": "sha256:af7d2b3c421329e7b97202302a072867e7c9bd73c5b8fab9bdb3a76fbfe474e3",
        "filename": "mcjtylib-1.12-3.5.4.jar"
      },
      {
        "signature": "sha256:6a0ade35d7827072761892943b7f9a363e59f5aa65e2160a450b5106d8db1252",
        "filename": "infinitylib-1.12.0.jar"
      },
      {
        "signature": "sha256:94e581bb8e52400aac9e9a53045850ce0b8af44b7df3eeb56d0101c344f69323",
        "filename": "iChunUtil-1.12.2-7.2.1.jar"
      },
      {
        "signature": "sha256:50f5af55f6e2b33dc6a4dcc1085f31af031b862cdbc315b47eeac20b5ff710bf",
        "filename": "BuildingGadgets-2.7.1.jar"
      },
      {
        "signature": "sha256:9b2882c33509c746bb0770d608944078cb94a75ede8e68c87a9e8e673a5db2e4",
        "filename": "CTM-MC1.12.2-0.3.3.22.jar"
      },
      {
        "signature": "sha256:af5495df70ed69d8cf3b1bb1693137852eedb098cd8d15c32549fdc6c9c6d667",
        "filename": "OpenGlasses-MC1.12.2-1.5.5.jar"
      },
      {
        "signature": "sha256:350bb74a1889b940c202ef00243322ee3d4b524d57a00e827d0e4630159a36d1",
        "filename": "NotEnoughItems-1.12.2-2.4.2.240-universal.jar"
      },
      {
        "signature": "sha256:58094bdace050ce943bc4b14033abc63e91e705233fc24c2d7f8d786c714884f",
        "filename": "MysticalAgradditions-1.12.2-1.3.2.jar"
      },
      {
        "signature": "sha256:f04582f8864a15b90e303901f5529ac01bbfb8b21f84ca978692f71ac9b9dad1",
        "filename": "EnderStorage-1.12.2-2.4.5.135-universal.jar"
      },
      {
        "signature": "sha256:7663b57daf6ca0b36fbc8dd8ed06dc64447648237579b0c08910e15434ce36b2",
        "filename": "natura-1.12.2-4.3.2.69.jar"
      },
      {
        "signature": "sha256:935f5d2b5a824b5c9ff903c077b23d132f6a322b454b68f562390cf54c6d88bc",
        "filename": "bloodtinker-1.0.5.jar"
      },
      {
        "signature": "sha256:9bff732c18adf82c4410a827b35d43b68b979f9ede6c2108b6b97550cf386188",
        "filename": "AppleSkin-mc1.12-1.0.9.jar"
      },
      {
        "signature": "sha256:17dfb6558732f7761cb9584349de80f88ea7c4a4ffd06ce6842b54bd6a2a64cc",
        "filename": "morelibs-1.12.2-1.2.2.jar"
      },
      {
        "signature": "sha256:e42c13bfeed020ecfbb1dff238708f16d1775045ed5455a34e06f485d7a198c2",
        "filename": "NoMobSpawningOnTrees-1.2.2-mc1.12.2.jar"
      },
      {
        "signature": "sha256:160106065f95d8ab70622731f232b0393bfad26ca22695168a309f388a59d39f",
        "filename": "calculator-1.12.2-5.0.11-12.jar"
      },
      {
        "signature": "sha256:9ea4d7df19c0a53880aae5e745ef1e886854bea5c533878688587a5e3fdaebdd",
        "filename": "JustEnoughResources-1.12.2-0.9.2.60.jar"
      },
      {
        "signature": "sha256:d13d8dd6318eedffc046f0633371f72b93c4f4e5a92f9147b706ada7e27f2f6d",
        "filename": "modtweaker-4.0.17.jar"
      },
      {
        "signature": "sha256:0ab0cb80822dd58ed83393edff83ac0497e1f12cbf4ceb9dacd963e2a949d2cb",
        "filename": "stg-1.12.2-1.2.3.jar"
      },
      {
        "signature": "sha256:7dfc575fe73e4b38d25fca925e8248d12956b63cb874d38a66e224d7bc794226",
        "filename": "malisiscore-1.12.2-6.5.1.jar"
      },
      {
        "signature": "sha256:fbf81a96f87c609feb0d03933398fdf4bd8b24bc18119f4642e42b30580950fc",
        "filename": "OpenBlocks-1.12.2-1.8.1.jar"
      },
      {
        "signature": "sha256:55b8c0f0a440bfe3570f44bbc8a2d269ec8167d186e6f9577ee978bda071577d",
        "filename": "NaturesCompass-1.12.2-1.5.1.jar"
      },
      {
        "signature": "sha256:c2110db8b8abec23d9e2e9c4a89be010f6fe1150d52595397179c8804d942ee3",
        "filename": "Placebo-1.12.2-1.6.0.jar"
      },
      {
        "signature": "sha256:c15962db3735910915a3c6566f7bb9839b6d4731edfefc9c3096e9a1dcbc36d7",
        "filename": "MFFS-1.12.2-4.0.1.0_1.12_cc3a5aa.jar"
      },
      {
        "signature": "sha256:0f0e91c1734317ed8132d3a2c88cee5f0914be9673f063e43e5d0cdbbfbe18f9",
        "filename": "Thaumic_Gadgets_1.12.2_0.1.5.1_tb.26.jar"
      },
      {
        "signature": "sha256:a67f9f5c6aa32e58a18b1e43886eee76a99a505aa19854cc0828e24e14eb889d",
        "filename": "extraalchemy-0.3.8.6.1-release.jar"
      },
      {
        "signature": "sha256:55da1d6b678cb70cd93b7d23162a0ae128a93cd8fa5c94fcf3f12dcf75490c6f",
        "filename": "thaumicperiphery-0.3.0.jar"
      },
      {
        "signature": "sha256:d01bb35116c624fb5f8399231f48c9ca56f343cf5cc15c390005d7c819380fef",
        "filename": "CustomMainMenu-MC1.12.2-2.0.9.jar"
      },
      {
        "signature": "sha256:981fb876fc665c7fa228ae9673ddbbd2355bbf320b6a7ead53987d35ef145e9c",
        "filename": "llibrary-core-1.0.11-1.12.2.jar"
      },
      {
        "signature": "sha256:946861f89e75a68e45e3117e9488498eb14db1143872c226f442706be523a890",
        "filename": "ExtremeReactors-1.12.2-0.4.5.67.jar"
      },
      {
        "signature": "sha256:8be8d7f643447683fbc4c4a83df11a366e736b36f0bc6afc50b30bac20c60bf6",
        "filename": "CodeChickenLib-1.12.2-3.2.2.353-universal.jar"
      },
      {
        "signature": "sha256:d49a87e3483d2ac8bb861a511737d370a422a2a41efe845e021772411d1c98fc",
        "filename": "WirelessCraftingTerminal-1.12.2-3.12.93.jar"
      },
      {
        "signature": "sha256:ef2fdcb59f9a766ee5c3c4c514c78f0a9e35b3d6bf02c17051b7dd4e94efdf7a",
        "filename": "InventoryTweaks-1.63.jar"
      },
      {
        "signature": "sha256:5e56b6e1eab94eb92740437fc9906756ec6a3a1b3f4d4b2c4caee833b6ca7ae0",
        "filename": "gendustryjei-1.0.2.jar"
      },
      {
        "signature": "sha256:f813c0b12ef1029687439d21006705fb5c0c43e4a27236a819a964a7e12f5061",
        "filename": "DummyCoreUnofficial-2.4.112.5.jar"
      },
      {
        "signature": "sha256:9d98de4f52b41a874cff48ea300152a834515fcf38c0fb7ba1de2e81de1f3f9b",
        "filename": "MagicBees-1.12.2-3.1.10.jar"
      },
      {
        "signature": "sha256:4c20f6744cc01c9ef59314454d68c421754e344befbc44a0b7b5d5d1d3f17bfb",
        "filename": "Avaritia-1.12.2-3.3.0.33-universal.jar"
      },
      {
        "signature": "sha256:65d3a196ff8ca2a1caf119e28ebfb37d0157730d97c9acc0c7e2601f5edbe244",
        "filename": "ProjectRed-1.12.2-4.9.4.120-lighting.jar"
      },
      {
        "signature": "sha256:c66fd7177222ac38e30d442b50accac7a9eeb47e32726126a78cf6b2a8c9fd7d",
        "filename": "BetterQuesting-3.5.308.jar"
      },
      {
        "signature": "sha256:cc0dd96110ce23582e8f3f3c4690cfc547d1616d0071973cddd711943e9f4d8f",
        "filename": "AbyssalCraft-1.12.2-1.9.10.jar"
      },
      {
        "signature": "sha256:fb7c0f13597229912f7fe464c2a3343c2537b5d652bbb97624807b9b0dba5ff7",
        "filename": "SeedsForWizardry 1.0 For MC Forge 1.12.2.jar"
      },
      {
        "signature": "sha256:3fc0df2333fbad34cf4f42fee8a790fb07c03d0c6e7712415efaa187085ff85a",
        "filename": "geneticsreborn-1.12-1.09.jar"
      },
      {
        "signature": "sha256:e84a70bbcb5dc559d28c7bc65f1ef1af512485097ad89c6748249b173019975c",
        "filename": "MysticalAgriculture-1.12.2-1.7.5.jar"
      },
      {
        "signature": "sha256:1de046427346fee216f3ee04014d4b45482a4535b7a6db3c67dc6bc4720f5f39",
        "filename": "[1.12.2] SecurityCraft v1.8.12.jar"
      },
      {
        "signature": "sha256:26248b89d23fdfc3743a8be0270f33a82b9962e2164f317831e25f1aebc91e29",
        "filename": "JourneyMapStages-1.12.2-2.0.8.jar"
      },
      {
        "signature": "sha256:a89ad0d9e64474fb140a248bd4be3548d6a3f7d460fb902ae21ab958a06069f4",
        "filename": "randomtweaks-1.12.2-2.7.0.1.jar"
      },
      {
        "signature": "sha256:1bdd737fb41450977daa97f283630e1bd9b31bd13312179ec8bf1f3c82b7a29a",
        "filename": "ICBM-classic-1.12.2-3.3.0b63.jar"
      },
      {
        "signature": "sha256:5efcf41a569f4e20f539d4063c6929c8f127fa7f94b8434b56ddf7d854d9b5fa",
        "filename": "jei_1.12.2-4.15.0.287.jar"
      },
      {
        "signature": "sha256:67cca825beb10828a39f483bf0c5d340d802b2a3d4a05119e5453146fa8c240b",
        "filename": "forge-1.12.2-14.23.5.2838.jar"
      },
      {
        "signature": "sha256:a99fedbe9036a00ce694cb44b220f7426301f40f2c35f11d96a96a888bda6eaf",
        "filename": "ShetiPhian-ASM-1.12.0.jar"
      },
      {
        "signature": "sha256:506677ae0ec337d50badd7c887ead029a7376105af544b2a0b7144c0505d83ff",
        "filename": "RedstoneArsenal-1.12.2-2.6.3.18-universal.jar"
      },
      {
        "signature": "sha256:0b05ecffaff3245fa8b2d43485b5d78ac752300c313079fa88ae5ca608018358",
        "filename": "ElecCore-1.12.2-1.9.452.jar"
      },
      {
        "signature": "sha256:8b6e1aa820d7d02571aeae818b4ab9aa2d78e0d3b277d7be6df53e3153ae9ea7",
        "filename": "industrialforegoing-1.12.2-1.12.13-237.jar"
      },
      {
        "signature": "sha256:11c9ff6c77d162041eccca087982189234e5f57c628cb442a964bb0b8ae49eb1",
        "filename": "RandomThings-MC1.12.2-4.2.7.3.jar"
      },
      {
        "signature": "sha256:ca87853aaf5b8440adc0f00be9e9e901215a0fd59f1e35208c00bcbe28e3aec4",
        "filename": "rftools-1.12-7.72.jar"
      },
      {
        "signature": "sha256:ea2ec24a4e18522b538a197460fe2f81e87994746310b6eae77bad4e66d63476",
        "filename": "DarkUtils-1.12.2-1.8.226.jar"
      },
      {
        "signature": "sha256:6da4ff366330253e2fb4f6849ae0c81e4ddc9f6bd5814460ad9ecb63e9f65119",
        "filename": "FastLeafDecay-v14.jar"
      },
      {
        "signature": "sha256:ebe1a40a55bf78b140e49d3b1d1ea3fc60e6d029ad0f38d23922b7ef8e384a4c",
        "filename": "Mekanism-1.12.2-9.8.1.383.jar"
      },
      {
        "signature": "sha256:a489b0ce244af3b15a858eb1c7e90e1403861321fa9e3302a4a9be01dd73aecd",
        "filename": "auxiliumequivalence-1.12.2-1.3.2.jar"
      },
      {
        "signature": "sha256:1418ab830dc3adc1463e4d01e5eed39ced3a22527988b7dce1b47e7cb010576f",
        "filename": "Bookshelf-1.12.2-2.3.585.jar"
      },
      {
        "signature": "sha256:a674f0af6df36fbbbae5a9ad1b4bfef348d136fec3dcc7395e7f57db27c9e99c",
        "filename": "EnderCore-1.12.2-0.5.65-core.jar"
      },
      {
        "signature": "sha256:294fa190ff641bacb2b157a99c4714c3d2dfbc7dbd9f615cdbdd31a25afbe016",
        "filename": "questbook-3.1.1-1.12.jar"
      },
      {
        "signature": "sha256:32f55ce892fe5fe3f3df16f86eb182b7a434167057fcadff26a90f52cbb5fbe2",
        "filename": "SuperTic-2.1.0.jar"
      },
      {
        "signature": "sha256:1232a812e86f26e39cf67f3741e7529c392ab2f4359868a7bc46f4e6a102231b",
        "filename": "Thaumic Arcana-1.2.0.jar"
      },
      {
        "signature": "sha256:0475ba0f0964c4a56afd1c2765b7063849ca2b77a91d80d7f612fb15354c27e5",
        "filename": "Cucumber-1.12.2-1.1.3.jar"
      },
      {
        "signature": "sha256:e201712ef8fadc6c4b6380939751e92fe32cad2ba2dcb717e1acb3b07e0c2125",
        "filename": "Guide-API-1.12-2.1.8-63.jar"
      },
      {
        "signature": "sha256:c59906e253e1b403f20e90b3b7807e2953686105e38ab2e3e34a676ebb02160f",
        "filename": "NaturalPledge-r3.1.2.jar"
      },
      {
        "signature": "sha256:a374b2cede8fab4585d55e4b11c726f19fd78c03eaf17994e7a501bd47ebeb30",
        "filename": "llibrary-1.7.19-1.12.2.jar"
      },
      {
        "signature": "sha256:3eee79693d03ced75eebb33b6fcd168d6180d81ce6faa9a94f32e1ede3a921c6",
        "filename": "BiomeTweaker-1.12.2-3.2.354.jar"
      },
      {
        "signature": "sha256:c4a6c79eb5efd062df29262d68f203a960fab79c2b1bc88a299ac79fd3ecfd53",
        "filename": "ompd-1.12.2-3.1.0-61.jar"
      },
      {
        "signature": "sha256:4780b369b569952610ac2e405fc3764586d7a6610c560d0d76d4db97ffda224c",
        "filename": "LibEx-1.12.2-1.0.8.jar"
      },
      {
        "signature": "sha256:6f74f0cc3223636bae0c2a6f61dabdf377df2e4bd73db62f12e9c2356492ae9c",
        "filename": "ProjectRed-1.12.2-4.9.4.120-fabrication.jar"
      },
      {
        "signature": "sha256:7731d3791f1e022bc3ef2d5dd7ee45dce060760ed453c31431a3688ffc177061",
        "filename": "EquivalentAdditions-1.12.2-7r.jar"
      },
      {
        "signature": "sha256:61362af8dd5de20a6f5b7ab9c2f95cfaec911a0ab428c7b469e8d2a7ff89c89d",
        "filename": "FastFurnace-1.12.2-1.3.1.jar"
      },
      {
        "signature": "sha256:c7830c8a26bb7d8d6c8b5b4a3e5692fbe4679c68a292bc3f02f089f70ae72804",
        "filename": "TConstruct-1.12.2-2.12.0.157.jar"
      },
      {
        "signature": "sha256:61d9bb9eb409f3a3e0ded5870aa6cbb101cedc81f5fbb1ab6bfcd65b3ff51de1",
        "filename": "compactmachines3-1.12.2-3.0.18-b278.jar"
      },
      {
        "signature": "sha256:c36065b106f735cc541188ac2db8301032d32de32ce8d57a58d11a306e04b29b",
        "filename": "Morph-o-Tool-1.2-21.jar"
      },
      {
        "signature": "sha256:42b5069231b41fb09d3f6b51b7818fd130c367238e8d614ce2fb85a3cc876509",
        "filename": "SmoothFont-mc1.12.2-2.1.jar"
      },
      {
        "signature": "sha256:123038d365611d0b074f2d1a100962198c72a8386b0b56e09395b4070ff4190f",
        "filename": "ae2stuff-0.7.0.4-mc1.12.2.jar"
      },
      {
        "signature": "sha256:9880332c68732f5535ede1163676e5bec8d9c737fd852ed7fd4300c701a3b74e",
        "filename": "EnderIO-1.12.2-5.0.50.jar"
      },
      {
        "signature": "sha256:07c6c95eddf0f6f3d15339f373da51a638716c3cbe69f93da5586f7957e3c22a",
        "filename": "jeibees-0.9.0.5-mc1.12.2.jar"
      },
      {
        "signature": "sha256:24616b78ba3f2fbf2ed77e6ff5121712c8cf35288dbbf3199a2304547bd4bfc9",
        "filename": "inventorysorter-1.12.2-1.13.3+57.jar"
      },
      {
        "signature": "sha256:d3fb9211f16d23bc57c5f4982598b64a0fd203618757f0ffcecd850774634068",
        "filename": "ProgressiveAutomation-1.12.2-1.7.8.jar"
      },
      {
        "signature": "sha256:c965169400f34ff869f2af9cc645e86d9e0e3d3c46a8edadd63db4a8f9c43b91",
        "filename": "EnchantmentDescriptions-1.12.2-1.1.15.jar"
      },
      {
        "signature": "sha256:eb2fbfda86d2c696ea50037bb5b8bc5377775877d27026187fee8f4919000107",
        "filename": "fencejumper-1.12-1.0.5.jar"
      },
      {
        "signature": "sha256:ac126377ea2517ec74dafa423136b2455c7316f63b786559a883f7663d233997",
        "filename": "Farseek-1.12-2.3.2.jar"
      },
      {
        "signature": "sha256:7369c728d5ee29da33d4374f3ea31fb4e4d4119ed410b12a59db293b8ee50ea5",
        "filename": "openmodularturrets-1.12.2-3.1.3-355.jar"
      },
      {
        "signature": "sha256:7d234930e5cf1d511117d7d437553abb243fd4f39647e3cd853c371fb79b378d",
        "filename": "SoulShards-TOW-1.12-2.7.6-56.jar"
      },
      {
        "signature": "sha256:ffb745111790e27cb7810a2e03d5270265dee7ebd3ef98fde897c409d58b1e59",
        "filename": "IvToolkit-1.3.3-1.12.jar"
      },
      {
        "signature": "sha256:af43cc43c4f7775fbbaa50d63cf1f933911b768ca5e10378a106fdfc0dfe76ef",
        "filename": "bdlib-1.14.3.12-mc1.12.2.jar"
      },
      {
        "signature": "sha256:aef18570c5a02e3b15918e4ab55dbeb52f0d109dbc428949f57d22be05c4a6a0",
        "filename": "ForgeEndertech-1.12.2-4.4.22.1-build.0389.jar"
      },
      {
        "signature": "sha256:96267736938f8ebe99317bbc1a4da00f51cfdf45a0d0968368445404573314d9",
        "filename": "thaumicwonders-1.7.0.jar"
      },
      {
        "signature": "sha256:32b445216a515a116494118eb0e2d8b25524548860a2a3f1f35f9e6931c59e45",
        "filename": "noRecipeBook_v1.2.2formc1.12.2.jar"
      },
      {
        "signature": "sha256:2fa7286fe1ce1e95eb1ccf958cf6e07fca8beddc3d7de7986d390523c75f247c",
        "filename": "ThaumicInventoryScanning_1.12.2-2.0.10.jar"
      },
      {
        "signature": "sha256:e19104a9d42a6eef063c1348a215dba8c31ca05d2629b0cc57c5c682cb4e1334",
        "filename": "enderutilities-1.12.2-0.7.13.jar"
      },
      {
        "signature": "sha256:89f764a78361ae352c0b3564b283d8443aab8987a5a1be92385035e9ead4505a",
        "filename": "PotionFingers-r1.0-2.jar"
      },
      {
        "signature": "sha256:8345e86d84cc38e8017fef9b20b1160b4a988637e14b8bcb5b817747d8e63570",
        "filename": "ProjectRed-1.12.2-4.9.4.120-Base.jar"
      },
      {
        "signature": "sha256:530399689e8b8743f794b51035187e03bfc7165ee088013a38f1739942577297",
        "filename": "MikesModsLib-1.0.2.jar"
      },
      {
        "signature": "sha256:47a2428297213cb3f6b3b75fe1604b002e1f5e4412a2ce77c362bf598e15a877",
        "filename": "OpenModsLib-1.12.2-0.12.2.jar"
      },
      {
        "signature": "sha256:7a377ff33382c4bd1e7986721c71ee607e62928c410c007ad4e047436519e61f",
        "filename": "SimpleLogic-Gates-0.5.6.1.jar"
      },
      {
        "signature": "sha256:3331ac0d0f9093433b65ca7b18a8f2bca57bc45fef2d444267e7d7fc6b7bb3a1",
        "filename": "environmentaltech-1.12.2-2.0.20.1.jar"
      },
      {
        "signature": "sha256:a70e5db92e80d93f15230c0a1ec532eb0c4ed140135c0088dd204ca55b949629",
        "filename": "endertanks-1.12.0-1.6.8.jar"
      },
      {
        "signature": "sha256:3bb8d4919ce75ed324a2b303b8c5c131b3c189098486269db81a180d5b897413",
        "filename": "environmentalmaterials-1.12.2-1.0.20.1.jar"
      },
      {
        "signature": "sha256:2600d57a1dcb7fd7216df66fff7c00d68f551664c3011a042472c89913817aea",
        "filename": "Satako 1.12-2.26.jar"
      },
      {
        "signature": "sha256:7acb50ba8fb7dac11ca383004ec90717b99ffc2e0196a43b7d4e4871a074c170",
        "filename": "EnderIO-endergy-1.12.2-5.0.50.jar"
      },
      {
        "signature": "sha256:cccd33e19bbd19350db9b75efd10063ad3736ccaa4ab8005bcc116f6d64d93c2",
        "filename": "ActuallyAdditions-1.12.2-r149.jar"
      },
      {
        "signature": "sha256:d84073a319a7b66fe6a65404a375e54ef90c38aa87be96182a52e73394b69ab2",
        "filename": "ChickenChunks-1.12.2-2.4.1.73-universal.jar"
      },
      {
        "signature": "sha256:48b45229bf81e388bd706ee4927184e387ce50f84b4cbe366807a0bfd91e1fff",
        "filename": "portablecraft-1.1.jar"
      },
      {
        "signature": "sha256:330d3381462d29ab7a776d5a3e3e585047fb679c0df19c1f4afd0f9002033c6a",
        "filename": "Quark-r1.6-174.jar"
      },
      {
        "signature": "sha256:0bb50f545b87f19087d9dbdb9930d6be2d66ee8c76d2a1982eef9e3d2bb43108",
        "filename": "BetterBuildersWands-1.12.2-0.13.2.271+5997513.jar"
      },
      {
        "signature": "sha256:f36370fe2d6b4f9f5e0dce9a03c634f2bc493195a8599e8791fc62d27c4a8d8e",
        "filename": "ThaumicEquivalence-1.12.2-1.0.5.jar"
      },
      {
        "signature": "sha256:044199ae8185d2cba450f626eaeab61a489a0076839a5b32156b7e797a04444f",
        "filename": "forestry_1.12.2-5.8.2.392.jar"
      },
      {
        "signature": "sha256:2c07153bdea9325a8efb1d9d386923e505ebddf20e9a33b0ebf2554c6b52992e",
        "filename": "FTBUtilitiesBackups-1.0.0.5.jar"
      },
      {
        "signature": "sha256:fb13913e896f9d3fafedef90ac035f4ade9d92d8f33d2ccfc32c5487d559fdf8",
        "filename": "HardcoreDarkness-MC1.12.2-2.0.jar"
      },
      {
        "signature": "sha256:616e6c8c669ee4ef2c8ab10551c3086bfb8c2cd71416488037f4d24568248132",
        "filename": "Electroblob\u0027s Wizardry - 4.1.4 - MC 1.12.2.jar"
      },
      {
        "signature": "sha256:a23328ceec9c40a9f4f0d603a96b94f2d23a878da952d387418b2cbb97bcf267",
        "filename": "JustEnoughCalculation-1.12.2-3.2.0.jar"
      },
      {
        "signature": "sha256:0f9723b3563dd8b57fc948a17304b2199439045caca4430f4ad96c66dd57d03f",
        "filename": "binnie-mods-1.12.2-2.5.1.188.jar"
      },
      {
        "signature": "sha256:ce28db33cfdca80c98dfbb2e5928a5f090477897fa6d28a37300d5564617fde2",
        "filename": "MCMultiPart-2.5.3.jar"
      },
      {
        "signature": "sha256:447e3120170215a1810988218243cfb4af4926aef902a1aa10f9d881f590ea2c",
        "filename": "stacksize-1.12.2-1.0.jar"
      },
      {
        "signature": "sha256:2e36dfae28710e1bbbaa99310474abed8eb34cf82ba194dd61c109743fa98ebf",
        "filename": "EmberRootZoo-1.12.2-1.3.10.jar"
      },
      {
        "signature": "sha256:93953dc18c6227f4fd26e2e91da0cd3a469baec90dfb5234e5fae07ebc7e2ecc",
        "filename": "EverlastingAbilities-1.12.2-1.5.1.jar"
      },
      {
        "signature": "sha256:6e109db04d5a999fb790ec1299a992216c9ac7069e73ed64f491f81dfc550cb2",
        "filename": "EverlastingAbilities-PotionCore-1.12.2-1.0.1.jar"
      },
      {
        "signature": "sha256:c7c7f255b76ff208cac4febf58ddafadcd63bac970dbe0c26dd62c940e80f5b7",
        "filename": "patchy-1.1.jar"
      },
      {
        "signature": "sha256:bf678ca007953e8d5aee96f29aeefd88120485a988a05b7ec6d37663bb824891",
        "filename": "rftoolspower-1.12-1.2.0.jar"
      },
      {
        "signature": "sha256:886557b5355ceb52600a27a26723f0ee971b48c54ce86e25573ba0c97d985cc4",
        "filename": "Biome_Bundle-1.12.2-v6.1.jar"
      },
      {
        "signature": "sha256:727b6e5e3b1c960e1968e3776f8652e6a8cfe30b62f3971193c64f2f21a7837c",
        "filename": "Soot-1.6.jar"
      },
      {
        "signature": "sha256:2264ebdb4d29fe4105d8940f1fd14720ada023d059879c41374b44cbb3b7ac7b",
        "filename": "reauth-3.6.0.jar"
      },
      {
        "signature": "sha256:01c5dc41c1085944af9c7346a0e402e90075a9e069232b15dd6a2807dae00fe8",
        "filename": "ThermalDynamics-1.12.2-2.5.5.21-universal.jar"
      },
      {
        "signature": "sha256:e075dc047cc107374651c17ed80ff8ac69e3ab442e08177f4678e47195db1dcb",
        "filename": "OTG-Core.jar"
      },
      {
        "signature": "sha256:659623f496dd457dd689c69dbd7a593453f65f78662a4af8dc624bfff33ee2eb",
        "filename": "ProjectRed-1.12.2-4.9.4.120-integration.jar"
      },
      {
        "signature": "sha256:abc25e74823749cda6ee2a425451bb8fd9f7497031c3b7652a654747625f9935",
        "filename": "Roots-1.12.2-3.0.4.jar"
      },
      {
        "signature": "sha256:69817c09c8f0252098142383036062ca2e91d05bd1e422e3ae6682e8423e4bc1",
        "filename": "ActuallyBaubles-1.12-1.1.jar"
      },
      {
        "signature": "sha256:91eab825f0730d412a05a40136e9f0755b9a2b9483fc92255cba08e282a1e146",
        "filename": "TipTheScales-1.12.2-1.0.4.jar"
      },
      {
        "signature": "sha256:6c116783121112f699947368b5cce742277f7c0c69b4fac92b60165d293c4c27",
        "filename": "DynamicLights-1.12.2.jar"
      },
      {
        "signature": "sha256:3b2c7647668d42d6a488d03c7cf77941662494ea24d6cc806f6a15053ccd4628",
        "filename": "AttributeFix-1.12.2-1.0.4.jar"
      },
      {
        "signature": "sha256:77a4c5f23f73cb4597ea6ee97e6ff5dd0a5eb94d1f25bfd031516b335dc92efe",
        "filename": "rftoolsctrl-1.12-2.0.2.jar"
      },
      {
        "signature": "sha256:49cf5ea36bd4e4bac69ed87f7a488213eb7a648aa9d4945441cd15f19cd90c9a",
        "filename": "CyclopsCore-1.12.2-1.5.0.jar"
      },
      {
        "signature": "sha256:5c3ee8935730845e5b3e58a8690afaba85ced4725952d3419bd36a49f2f43864",
        "filename": "PortableCrafting-1.12.2-1.0.2.jar"
      },
      {
        "signature": "sha256:91d4dd56f8ca6833cc338c8766be962e2dc017f313e5485f4b1a7a1508966044",
        "filename": "Controlling-3.0.7.jar"
      },
      {
        "signature": "sha256:e9ddecd4920ee9a57e11e4b43fb1dd395bbf37e276be726a99a2590272304124",
        "filename": "Hwyla-1.8.26-B41_1.12.2.jar"
      },
      {
        "signature": "sha256:08ac2de31e9cc0c174c2795f9371cb209d3251ea18210ec682d1816f1e39b08a",
        "filename": "ThermalExpansion-1.12.2-5.5.4.43-universal.jar"
      },
      {
        "signature": "sha256:72dbb9801e10a328353a1773e84a83875752eb04dc105fd5d0db762c965ab04a",
        "filename": "planarartifice-0.13.jar"
      },
      {
        "signature": "sha256:e57dbe0b427e49d35a9184b5d541d0e6ea504128673c8645b8fe7e4a99ebedba",
        "filename": "bedpatch-2.2-1.12.2.jar"
      },
      {
        "signature": "sha256:d8f326f087df1f37722870c561c99986f8c65b054f20068e656f9d15796d1d77",
        "filename": "TinkersExtras-1.12.2-1.0.9.jar"
      },
      {
        "signature": "sha256:6b763b939c4a8517ac7fbb2a3cc7267d67e25823b60cf4231443eca3bb681c2e",
        "filename": "ProjectRed-1.12.2-4.9.4.120-world.jar"
      },
      {
        "signature": "sha256:f445cdccfe824a895ace7cb83d29cfb17d5b3c3383949298e44c2da8697237f0",
        "filename": "WailaHarvestability-mc1.12-1.1.12.jar"
      },
      {
        "signature": "sha256:841d2f407824a4a9c3dd872c51ecd76d50381c569b79c3ea7b06b69eec2bba53",
        "filename": "text2speech-1.10.3.jar"
      },
      {
        "signature": "sha256:15b7e15ae11e98bebfd8639f9ee97ac41145a652d3266e400e518bcb881db1e6",
        "filename": "thaumicenergistics-2.2.3.jar"
      },
      {
        "signature": "sha256:50f12bd84ec29e27f289d09b43012485ccee9e64ebf1c6be56f398c68b066b45",
        "filename": "AgriCraft-2.12.0-1.12.0-a6.jar"
      },
      {
        "signature": "sha256:d9a0fafa0a13188a7bfee9415a6d978604750a0aa901c16771d30046b09eacd5",
        "filename": "SimpleStorageNetwork-1.12.2-1.7.8.jar"
      },
      {
        "signature": "sha256:6a41be74ccf576583d2c935385e7236725e6ff72f1c3c445dab9997535b9b10f",
        "filename": "journeymap-1.12.2-5.5.4.jar"
      },
      {
        "signature": "sha256:a264b1b5ec406bd7565ccf3087c3ea794ec6b5a43591426cb1be49acd7569307",
        "filename": "inventorypets-1.12-2.0.1.jar"
      },
      {
        "signature": "sha256:b606c2c74860ea8a9eed50a523de4cbac07e84a6435c25f6a88eb805dd7c7f47",
        "filename": "thaumictinkerer-1.12.2-5.0-353c71c.jar"
      },
      {
        "signature": "sha256:3a96855db2e669d486409e67571a9b16f594de7b1032fafe859b7f983d0e55f0",
        "filename": "WanionLib-1.12.2-2.2.jar"
      },
      {
        "signature": "sha256:5aa2d998e3427032ba924fc9134dbe76159f731396a6f076ab85a20fb7659234",
        "filename": "resizingpotion-2.1.1.jar"
      },
      {
        "signature": "sha256:346fe97697e3d2c7a320683460192fed466180624ac160ced2f6f7f734c93322",
        "filename": "BedrockBGone-1.12.2-5.0-b8.jar"
      },
      {
        "signature": "sha256:7d8063471243e161f624abe4ba311d490bd7719aedbcfcf84e555358e19c3e89",
        "filename": "RedstoneFlux-1.12-2.1.0.6-universal.jar"
      },
      {
        "signature": "sha256:fb99eff1e1389d88054b1d28245e802becb815388c5bb1946fbbdb60a34c297d",
        "filename": "Chisel-MC1.12.2-0.2.1.35.jar"
      },
      {
        "signature": "sha256:b0f6e9b3cda5f3e5a33e15ebbf54af527b36db61fd6f7a3df8b72cbad8b5c018",
        "filename": "BloodArsenal-1.12.2-2.2.0-28.jar"
      },
      {
        "signature": "sha256:42c7ea9bb2b34a527ef761792213af0584a1358ee6c5936d769d52ec03038002",
        "filename": "FloodLights-1.12.2-1.3.2-14.jar"
      },
      {
        "signature": "sha256:a2f6c1d00f67b46273d2855ee87f7cced4cdddd7e2e4ab3c3e45caeb9c0441be",
        "filename": "ThaumicAdditions-1.12.2-18r.jar"
      },
      {
        "signature": "sha256:b3aab967cf9a2fcaf1330b5a5997f8d31e7a73884eac7451f1f31b2fa1394add",
        "filename": "BiblioCraft[v2.4.5][MC1.12.2].jar"
      },
      {
        "signature": "sha256:b096fe9213b2c25f8abe3a9154d114cfb5933397a1f48a89854e219651d9dea8",
        "filename": "badwithernocookiereloaded-1.12.2-3.3.16.jar"
      },
      {
        "signature": "sha256:526d4fb23d033a79c44276b68746ab3f653e960c7101a9d62f51a12940730b94",
        "filename": "tinkersjei-1.2.jar"
      },
      {
        "signature": "sha256:d71bf404bd9031774f6ad49f4844a6aac008a9d830f8510fa67ea81404e990ed",
        "filename": "CoFHCore-1.12.2-4.6.3.27-universal.jar"
      },
      {
        "signature": "sha256:3aad65ad19c389c3baaae17950ecab808a11c1169f9506122b9a7149e85f7401",
        "filename": "IntegrationForegoing-1.12.2-1.9.jar"
      },
      {
        "signature": "sha256:9425f8643581b27ff8845b087c8bc6fc10425a32942f1a3f0e265ce6b38f7b5f",
        "filename": "Thaumcraft-1.12.2-6.1.BETA26.jar"
      },
      {
        "signature": "sha256:de2f4a59d7e16ee36feb5b3c59ad49f781bf742d87a46f4f5f78c3de31f7bd17",
        "filename": "ExtraSpells-1.12.2-1.0.7.jar"
      },
      {
        "signature": "sha256:aa2ab12a72b803a97a957082000feea7c527d2627ca8819f3b95b404446774fc",
        "filename": "morebees-1.12.2-2.0.1.jar"
      },
      {
        "signature": "sha256:42588c7fe1e7bd9787e81cd3e3af49b7570b43cc5d844ce5b2132681ba9d6fa4",
        "filename": "OpenTerrainGenerator-1.12.2 - v6.jar"
      },
      {
        "signature": "sha256:22fbec6142f9a524671a37f2f5e442c47a8243d61866e30f08b3285e71701413",
        "filename": "OpenSecurity-MC1.12.2-1.0-32.jar"
      },
      {
        "signature": "sha256:6ebc99e3f1448ce415d8afc4ba19caadded61528e30572cb44954e6485f7b4b9",
        "filename": "BloodMagic-1.12.2-2.4.1-103.jar"
      },
      {
        "signature": "sha256:b9bef5de98638fe1497cc28de6414860ffc77962d93974d10ba44af3ad77fdce",
        "filename": "ThaumicJEI-1.12.2-1.6.0-27.jar"
      },
      {
        "signature": "sha256:872242ca154332e988b85bc480b43c13eaf8b3f63701eac2d0137fdc2c80be5f",
        "filename": "StandardExpansion-3.4.163.jar"
      },
      {
        "signature": "sha256:25458febee6c3e7ebe36d68c919e5efe4f83ac3c789431c391c50664b5f2d4ee",
        "filename": "BotanicBonsai-1.0.0.5.jar"
      },
      {
        "signature": "sha256:eab26ea2581efc33cdc61d152d1dfaaae5d9954784c9c96c973dd3e2c70c3503",
        "filename": "plustic-7.1.0.0.jar"
      },
      {
        "signature": "sha256:0452f54eef5d3da09672bc381ed4ad24bb37d073354716ed783d581e3ebdfd85",
        "filename": "beebetteratbees-1.12.2-2.0.3.jar"
      },
      {
        "signature": "sha256:d5ee7355a20a4d868ec674b8ce373152a27b08969b131e078fff5ce3956ce404",
        "filename": "ocsensors-1.0.4-b23.jar"
      },
      {
        "signature": "sha256:739a90f5a227bff7795a0a877a8f6768fe8e734856e969385df608dc8d68d154",
        "filename": "p455w0rdslib-1.12.2-2.2.156.jar"
      },
      {
        "signature": "sha256:e3d36658c8c5d8ce3b60587499e4ba05cf6a89e72389d549b4cd93f661d7dee1",
        "filename": "bewitchment-1.12.2-0.0.20.6.jar"
      },
      {
        "signature": "sha256:21952b5b2f4a89a3b80029042ec7b07d99835e56683d2c17e130a1144922b38d",
        "filename": "gendustry-1.6.5.8-mc1.12.2.jar"
      },
      {
        "signature": "sha256:3e2f19faf3f9f19d5835a7e368d2bf855ca3d1ee82575a48182b3746d214cad8",
        "filename": "ProjectRed-1.12.2-4.9.4.120-mechanical.jar"
      },
      {
        "signature": "sha256:a6d2d1623823187d7cd6931ae13f025da016e27b85e5b53090d0041be1176ab2",
        "filename": "nibbler-1.12.2-0.4.1.jar"
      },
      {
        "signature": "sha256:2a0277bfdcadd8f0cc3934b8a87df33fb0d1196dca7e41b852ce6e62aba75f85",
        "filename": "gravestone-1.10.2.jar"
      },
      {
        "signature": "sha256:c7b44c034f9f750799b7f57ee592134d9805681af3bb855e64a183a24c687db0",
        "filename": "botanianeedsit-1.12.2-2.1-release.jar"
      },
      {
        "signature": "sha256:cabe4519ddb40409306c665177c036520c910945347ff6fc5fa6777dda4ede7d",
        "filename": "FastWorkbench-1.12.2-1.7.2.jar"
      },
      {
        "signature": "sha256:77969c0e7f76c078ebb7004642e86746d57f47b7a46237fcb1c06d4a55679448",
        "filename": "MouseTweaks-2.10-mc1.12.2.jar"
      },
      {
        "signature": "sha256:bd7b7d6be15e528de4567ee15b7c01594e98a22710f419be220529e01d97e56f",
        "filename": "jeidsi-1.3.4.53.jar"
      },
      {
        "signature": "sha256:82652f00e513c61c99a791abf2cbc10fdfb0e3a79e4eb02b305cccbc2d2f0087",
        "filename": "MrTJPCore-1.12.2-2.1.4.43-universal.jar"
      },
      {
        "signature": "sha256:46010e9f54c47f6f8634e060f02dfbe740eb07b75d1f9e7753110f9ce71c540b",
        "filename": "etlunar-1.12.2-2.0.20.1.jar"
      },
      {
        "signature": "sha256:c844393f2ececab4dda65a5c9ef0d28ab4703f20d8deccfd1499130c6259a5d9",
        "filename": "WAIM-1.0.0.jar"
      },
      {
        "signature": "sha256:ca03a28e3e952a70c35d868bf844e00c0034b7df5de13a74421e6bee3dcb9a37",
        "filename": "ExtraBotany-r1.1-55-fixed.jar"
      },
      {
        "signature": "sha256:0e1089caf9740cbe881fe69691f9baf8103725b7f4b7f443bc3af1232be4df63",
        "filename": "tinkersoc-0.6.jar"
      },
      {
        "signature": "sha256:3380589ccd30d76ff2f42b9d87d8544945fadc2a311f69b539d359fec9092db4",
        "filename": "careerbees-0.4.0.jar"
      },
      {
        "signature": "sha256:0b086aced1beca90ed5bb25fe6951a4d191d9b49f221af1074d1f9ff4f364b74",
        "filename": "chiselsandbits-14.33.jar"
      },
      {
        "signature": "sha256:68563ccbe6be738b29e0f1b5571f5023f2151fa898fa30596640fbfdfaf53dc2",
        "filename": "FTBLib-5.4.3.130.jar"
      },
      {
        "signature": "sha256:596721d72a151d141408fd439cf4a06e47be518959f77d534a18175821861ceb",
        "filename": "Overloaded-1.12.2-0.0.58.jar"
      },
      {
        "signature": "sha256:6a4acf497ea67ace406e64ba99e1443af562f67f9b718b570dcc048f42807601",
        "filename": "mystcraft-1.12.2-0.13.7.04.jar"
      },
      {
        "signature": "sha256:26eaca1d88a8095543de1c2b2159abbd04b88e6de9b4658af40f2f61e50676ce",
        "filename": "thaumicbases-3.3.352.6r.jar"
      },
      {
        "signature": "sha256:4f814aa4f98c0c05fddc0fbf4288b14b9e924aab83bad52c642ca272bae04507",
        "filename": "multistorage-1.12.0-1.4.14.jar"
      },
      {
        "signature": "sha256:cbe8c4ca537d01605c4cb828f107a3a6456602cc6ee405414af0250161408afa",
        "filename": "Baublelicious-1.4.0-4.jar"
      },
      {
        "signature": "sha256:10df4f26c3c7a90dd4e4430236a64728d4eee3089a38dd6933cf6ff956011237",
        "filename": "HammerCore-1.12.2-2.0.4.7.jar"
      },
      {
        "signature": "sha256:3474bf6a900e170505353008d6b73db5c8b1a0d875cbcbb66739de19dd1497c5",
        "filename": "MagicalPsi-1.3.2.jar"
      },
      {
        "signature": "sha256:b0118768d21354c46b6e20fe5a9aa966187e9b88c9b50afc279d768373622b2a",
        "filename": "industrialcraft-2-2.8.172-ex112.jar"
      },
      {
        "signature": "sha256:95160d6748ea764c734298befa0ac7eb766a0915bb77b3d2c53aafefba94256a",
        "filename": "FTBUtilities-5.4.0.100.jar"
      },
      {
        "signature": "sha256:d41322aa386c7488a544c7fee5f05c64fe2636b64eb2314905c3e7f71821f51e",
        "filename": "GameStages-1.12.2-2.0.115.jar"
      },
      {
        "signature": "sha256:b32010b2f2778aa1188585e7ead91ad46d4cb2c715f9c778a61848ba7fe51f8d",
        "filename": "Baubles-1.12-1.5.2.jar"
      },
      {
        "signature": "sha256:2bddce580ecc2be2ff268087dde8a80ec339769e256079e5926459f5da4c41e6",
        "filename": "EmbersRekindled-1.13-hotfix2.jar"
      },
      {
        "signature": "sha256:1336210b5ba4e76468b4782ede693f5f6d39cc80a03fd1770904be5039ab73b9",
        "filename": "ThaumicPotatoes2-1.12.2-1.4.1.jar"
      },
      {
        "signature": "sha256:53cc0991a134ab0c4bb5bc167b0fe20207317ea1b15f7db1bc8b60e3384eaf01",
        "filename": "ForgeMultipart-1.12.2-2.6.1.81-universal.jar"
      },
      {
        "signature": "sha256:6b85aeae866a7c46116efa9f9f93b7e0e2b40f4080aa0072ac62c39b90a352bb",
        "filename": "PotionCore-1.8_for_1.12.2.jar"
      },
      {
        "signature": "sha256:dbf02a325cf0a6633b936068090352baea48395c3e1907871dc6548d3227b54f",
        "filename": "AbyssalCraft Integration-1.12.2-1.9.0.jar"
      },
      {
        "signature": "sha256:298fc0109614f567db4759a9709436924aa2ed20c55a8370a139f0af1ad9f109",
        "filename": "MTLib-3.0.6.jar"
      }
    ],
    "addedSignatures": [],
    "removedSignatures": [],
    "installedSignatures": [
      "sha256:6da4ff366330253e2fb4f6849ae0c81e4ddc9f6bd5814460ad9ecb63e9f65119"
    ],
    "uninstalledSignatures": [
      "sha256:ed7cd329571fa96aef64a9ce2c490139fbc0acb1548ac64cc5eefd32ce6fc063",
      "sha256:8bde6e43aec384360bde46f29a8b6548e19f6b848900c2f6811829586e768cba",
      "sha256:5aaa4fb7e0056d9fc7624b5bc9f39b9d00ad0eef39ab7f2617540e9184e9f690",
      "sha256:1dbcaf5ddf7a7f7c2290e9ed9ac4a7cde34135bc63c189ad182e0d37742ca129"
    ],
    "workTime": 3721323.8,
    "language": "en_us",
    "locale": "",
    "timezone": "America/New_York",
    "branding": [
      "Minecraft 1.12.2",
      "MCP 9.42",
      "Powered by Forge 14.23.5.2838",
      "Optifine OptiFine_1.12.2_HD_U_E3",
      "373 mods loaded, 373 mods active"
    ],
    "runtime": {
      "mcp": "MCP 9.42",
      "fml": "8.0.99.99",
      "forge": "14.23.5.2838"
    },
    "minecraft": "Minecraft 1.12.2",
    "javaVersion": "Oracle Corporation 1.8.0_51",
    "side": "client",
    "obfuscated": true,
    "type": "analytics"
  }
]