{"stat.chestOpened":1,"stat.useItem.minecraft.air":925,"stat.useItem.opensecurity.mag_card":3,"stat.walkOneCm":166997,"stat.useItem.minecraft.torch":2,"stat.pickup.enderutilities.linkcrystal":2,"stat.drop.thaumadditions.bone_eye":1,"stat.leaveGame":3,"stat.useItem.minecraft.diamond_sword":9,"stat.useItem.minecraft.potion":1,"stat.pickup.thaumcraft.sapling_greatwood":6,"stat.pickup.forestry.fertilizer_compound":1,"stat.pickup.everlastingabilities.ability_bottle":1,"stat.pickup.tconstruct.lumberaxe":1,"stat.pickup.thaumadditions.bone_eye":1,"stat.pickup.minecraft.fishing_rod":4,"stat.swimOneCm":321,"stat.jump":156,"stat.fallOneCm":3004,"stat.pickup.buildcrafttransport.pipe_diamond_wood_item":1,"stat.pickup.minecraft.beef":229,"stat.pickup.openmodularturrets.laser_turret":3,"stat.pickup.thaumadditions.chester":1,"stat.crouchOneCm":7374,"stat.pickup.actuallyadditions.item_food":1,"stat.pickup.environmentalmaterials.alabaster_paver":1,"stat.pickup.openblocks.stencil":1,"stat.pickup.minecraft.sapling":53,"stat.pickup.clockworkphase.note_bottle":1,"stat.sprintOneCm":33902,"stat.pickup.extraalchemy.breakable_potion":2,"stat.useItem.betterbuilderswands.wandunbreakable":33,"stat.pickup.minecraft.apple":4,"stat.pickup.forestry.doors.padauk":1,"stat.useItem.naturalpledge.prism_rod":12,"stat.killEntity.deers":1,"stat.useItem.enderutilities.ruler":3,"stat.pickup.minecraft.splash_potion":1,"stat.useItem.openmodularturrets.laser_turret":2,"stat.pickup.minecraft.potion":4,"stat.pickup.minecraft.iron_axe":2,"stat.useItem.openblocks.paintbrush":3,"stat.pickup.minecraft.leather":106,"stat.pickup.natura.overworld_planks":1,"stat.pickup.everlastingabilities.ability_totem":1,"stat.pickup.natura.overworld_sapling":4,"stat.pickup.cyclicmagic.emerald_chestplate":1,"stat.mobKills":3,"stat.pickup.minecraft.cobblestone":640,"stat.pickup.mysticalagriculture.crafting":28,"stat.useItem.openblocks.imaginary":25,"stat.pickup.appliedenergistics2.interface":1,"stat.flyOneCm":687504,"stat.pickup.clockworkphase.precious_charm":1,"stat.drop":2,"stat.pickup.potionfingers.ring":1,"stat.useItem.enderutilities.linkcrystal":2,"stat.playOneMinute":130270,"stat.drop.tconstruct.lumberaxe":1,"stat.killEntity.MushroomCow":1,"stat.pickup.minecraft.torch":2,"stat.sneakTime":3810,"stat.pickup.openblocks.cartographer":1,"stat.pickup.rftools.storage_module_tablet":1,"stat.damageDealt":289,"stat.pickup.ic2.sapling":3,"stat.pickup.appliedenergistics2.part":1,"stat.timeSinceDeath":130270,"stat.useItem.minecraft.map":1,"stat.killEntity.Cow":1,"stat.useItem.minecraft.spawn_egg":308,"stat.diveOneCm":1913,"stat.pickup.minecraft.mutton":1,"stat.pickup.bewitchment.oak_apple_gall":38}