{
  "minecraft:recipes/redstone/noteblock": {
    "criteria": {
      "has_redstone": "2019-08-08 00:53:15 -0400"
    },
    "done": true
  },
  "inventorypets:inventorypets/root": {
    "criteria": {
      "auto": "2019-08-08 00:01:34 -0400"
    },
    "done": true
  },
  "appliedenergistics2:main/interface": {
    "criteria": {
      "certus": "2019-08-08 22:15:47 -0400"
    },
    "done": true
  },
  "minecraft:recipes/combat/leather_chestplate": {
    "criteria": {
      "has_leather": "2019-08-08 23:18:33 -0400"
    },
    "done": true
  },
  "minecraft:recipes/redstone/lever": {
    "criteria": {
      "has_cobblestone": "2019-08-09 00:34:19 -0400"
    },
    "done": true
  },
  "minecraft:recipes/tools/compass": {
    "criteria": {
      "has_redstone": "2019-08-08 00:53:15 -0400"
    },
    "done": true
  },
  "inventorypets:inventorypets/1": {
    "criteria": {
      "example": "2019-08-08 22:15:37 -0400"
    },
    "done": true
  },
  "inventorypets:inventorypets/5": {
    "criteria": {
      "example": "2019-08-08 22:18:38 -0400"
    },
    "done": true
  },
  "mysticalworld:root": {
    "criteria": {
      "auto": "2019-08-08 00:01:34 -0400"
    },
    "done": true
  },
  "progressiveautomation:powered_diamond": {
    "criteria": {
      "has_redstone": "2019-08-08 00:53:15 -0400"
    },
    "done": false
  },
  "astralsorcery:root": {
    "criteria": {
      "astralsorcery_present": "2019-08-08 00:01:35 -0400"
    },
    "done": true
  },
  "minecraft:story/mine_stone": {
    "criteria": {
      "get_stone": "2019-08-09 00:34:19 -0400"
    },
    "done": true
  },
  "minecraft:recipes/decorations/furnace": {
    "criteria": {
      "has_cobblestone": "2019-08-09 00:34:19 -0400"
    },
    "done": true
  },
  "minecraft:recipes/combat/leather_helmet": {
    "criteria": {
      "has_leather": "2019-08-08 23:18:33 -0400"
    },
    "done": true
  },
  "naturalpledge:naturalpledge/sacred_thunder": {
    "criteria": {
      "getSymbol": "2019-08-09 00:14:26 -0400"
    },
    "done": true
  },
  "minecraft:adventure/adventuring_time": {
    "criteria": {
      "forest": "2019-08-08 00:44:52 -0400",
      "deep_ocean": "2019-08-08 00:25:59 -0400",
      "ocean": "2019-08-08 00:01:34 -0400",
      "stone_beach": "2019-08-08 00:46:49 -0400"
    },
    "done": false
  },
  "minecraft:recipes/redstone/redstone_torch": {
    "criteria": {
      "has_redstone": "2019-08-08 00:53:15 -0400"
    },
    "done": true
  },
  "minecraft:husbandry/root": {
    "criteria": {
      "consumed_item": "2019-08-08 23:16:41 -0400"
    },
    "done": true
  },
  "minecraft:recipes/transportation/birch_boat": {
    "criteria": {
      "entered_water": "2019-08-08 00:01:34 -0400"
    },
    "done": true
  },
  "minecraft:recipes/decorations/chest": {
    "criteria": {
      "has_lots_of_items": "2019-08-08 00:51:05 -0400"
    },
    "done": true
  },
  "minecraft:recipes/combat/stone_sword": {
    "criteria": {
      "has_cobblestone": "2019-08-09 00:34:19 -0400"
    },
    "done": true
  },
  "progressiveautomation:powered_iron": {
    "criteria": {
      "has_redstone": "2019-08-08 00:53:15 -0400"
    },
    "done": false
  },
  "minecraft:recipes/decorations/cobblestone_wall": {
    "criteria": {
      "has_cobblestone": "2019-08-09 00:34:19 -0400"
    },
    "done": true
  },
  "rats:rats/root": {
    "criteria": {
      "tick": "2019-08-08 00:01:35 -0400"
    },
    "done": true
  },
  "minecraft:recipes/transportation/acacia_boat": {
    "criteria": {
      "entered_water": "2019-08-08 00:01:34 -0400"
    },
    "done": true
  },
  "minecraft:recipes/tools/stone_pickaxe": {
    "criteria": {
      "has_cobblestone": "2019-08-09 00:34:19 -0400"
    },
    "done": true
  },
  "minecraft:recipes/building_blocks/stone_slab": {
    "criteria": {
      "has_stone": "2019-08-08 23:25:30 -0400"
    },
    "done": true
  },
  "minecraft:recipes/redstone/stone_pressure_plate": {
    "criteria": {
      "has_stone": "2019-08-08 23:25:30 -0400"
    },
    "done": true
  },
  "minecraft:adventure/root": {
    "criteria": {
      "killed_something": "2019-08-08 23:15:32 -0400"
    },
    "done": true
  },
  "minecraft:recipes/transportation/boat": {
    "criteria": {
      "entered_water": "2019-08-08 00:01:34 -0400"
    },
    "done": true
  },
  "minecraft:recipes/combat/leather_boots": {
    "criteria": {
      "has_leather": "2019-08-08 23:18:33 -0400"
    },
    "done": true
  },
  "minecraft:recipes/transportation/jungle_boat": {
    "criteria": {
      "entered_water": "2019-08-08 00:01:34 -0400"
    },
    "done": true
  },
  "inventorypets:inventorypets/menorah": {
    "criteria": {
      "crafting_table": "2019-08-08 22:17:25 -0400"
    },
    "done": true
  },
  "minecraft:recipes/transportation/spruce_boat": {
    "criteria": {
      "entered_water": "2019-08-08 00:01:34 -0400"
    },
    "done": true
  },
  "mystcraft:root": {
    "criteria": {
      "mystcraft_present": "2019-08-08 00:01:35 -0400"
    },
    "done": true
  },
  "roots:root": {
    "criteria": {
      "auto": "2019-08-08 00:01:34 -0400"
    },
    "done": true
  },
  "minecraft:recipes/tools/stone_shovel": {
    "criteria": {
      "has_cobblestone": "2019-08-09 00:34:19 -0400"
    },
    "done": true
  },
  "minecraft:recipes/decorations/item_frame": {
    "criteria": {
      "has_leather": "2019-08-08 23:18:33 -0400"
    },
    "done": true
  },
  "minecraft:recipes/tools/clock": {
    "criteria": {
      "has_redstone": "2019-08-08 00:53:15 -0400"
    },
    "done": true
  },
  "minecraft:recipes/tools/stone_hoe": {
    "criteria": {
      "has_cobblestone": "2019-08-09 00:34:19 -0400"
    },
    "done": true
  },
  "minecraft:recipes/transportation/dark_oak_boat": {
    "criteria": {
      "entered_water": "2019-08-08 00:01:34 -0400"
    },
    "done": true
  },
  "minecraft:recipes/building_blocks/red_nether_brick": {
    "criteria": {
      "has_nether_wart": "2019-08-08 00:53:15 -0400"
    },
    "done": true
  },
  "roots:pacifist": {
    "criteria": {
      "book": "2019-08-08 23:15:32 -0400"
    },
    "done": true
  },
  "progressiveautomation:powered_stone": {
    "criteria": {
      "has_redstone": "2019-08-08 00:53:15 -0400"
    },
    "done": false
  },
  "inventorypets:inventorypets/brewingstand": {
    "criteria": {
      "crafting_table": "2019-08-08 22:18:38 -0400"
    },
    "done": true
  },
  "progressiveautomation:powered_wooden": {
    "criteria": {
      "has_redstone": "2019-08-08 00:53:15 -0400"
    },
    "done": false
  },
  "minecraft:recipes/building_blocks/nether_wart_block": {
    "criteria": {
      "has_nether_wart": "2019-08-08 00:53:15 -0400"
    },
    "done": true
  },
  "minecraft:recipes/building_blocks/stonebrick": {
    "criteria": {
      "has_stone": "2019-08-08 23:25:30 -0400"
    },
    "done": true
  },
  "minecraft:recipes/redstone/piston": {
    "criteria": {
      "has_redstone": "2019-08-08 00:53:15 -0400"
    },
    "done": true
  },
  "minecraft:recipes/building_blocks/cobblestone_slab": {
    "criteria": {
      "has_cobblestone": "2019-08-09 00:34:19 -0400"
    },
    "done": true
  },
  "minecraft:recipes/building_blocks/stone_stairs": {
    "criteria": {
      "has_cobblestone": "2019-08-09 00:34:19 -0400"
    },
    "done": true
  },
  "minecraft:recipes/misc/bone_meal_from_bone": {
    "criteria": {
      "has_bone": "2019-08-08 00:53:15 -0400"
    },
    "done": true
  },
  "inventorypets:inventorypets/blackhole": {
    "criteria": {
      "crafting_table": "2019-08-08 22:17:39 -0400"
    },
    "done": true
  },
  "inventorypets:inventorypets/illuminati": {
    "criteria": {
      "crafting_table": "2019-08-08 22:15:37 -0400"
    },
    "done": true
  },
  "minecraft:recipes/redstone/stone_button": {
    "criteria": {
      "has_stone": "2019-08-08 23:25:30 -0400"
    },
    "done": true
  },
  "minecraft:recipes/redstone/dropper": {
    "criteria": {
      "has_redstone": "2019-08-08 00:53:15 -0400"
    },
    "done": true
  },
  "inventorypets:inventorypets/cloud": {
    "criteria": {
      "crafting_table": "2019-08-08 22:16:50 -0400"
    },
    "done": true
  },
  "minecraft:recipes/tools/stone_axe": {
    "criteria": {
      "has_cobblestone": "2019-08-09 00:34:19 -0400"
    },
    "done": true
  },
  "progressiveautomation:stone_machines": {
    "criteria": {
      "has_stone": "2019-08-08 23:25:30 -0400"
    },
    "done": false
  },
  "minecraft:recipes/combat/leather_leggings": {
    "criteria": {
      "has_leather": "2019-08-08 23:18:33 -0400"
    },
    "done": true
  }
}